registration_years_type0,-0.67069,-0.679779,1.77004
occupation_白领,-6.02495,-0.0524017,-3.89521
home_address,0.090427,0.322765,0.43442
work_address,-1.1916,0.6631,-2.04056
subroot_num,0.0460979,0.0190229,-0.00878685
subroot_map_50008882,-0.0453253,0.0230069,-0.0503253
subroot_map_50011977,0.00705615,0.000332767,0.0029149
subroot_map_50006528,-0.0440405,0.022655,-0.0495037
subroot_map_50012010,-0.0481407,0.0244487,-0.0523056
subroot_map_50002258,-0.0437819,0.0225722,-0.049335
subroot_map_50010850,-0.0485712,0.0238768,-0.0522564
job_list_,-0.939452,0.747151,-1.02802
overseas_list_,-1.05274,0.689671,-1.06111
qq_length_10,0.825511,4.03751,-0.849525
is_vip,-0.0129557,0.00428686,-0.0115049
is_number,1.49828,2.57906,0.242811
total_pay,-0.00878259,0.00537799,-0.0147227
avg_item,-0.0257918,0.00750401,-0.0231567
tid_sum,0.00723598,0.00502633,-0.00253638
sf_sum,0.00202623,-0.00602389,-0.000843391
high_sum,-0.00598689,0.00383275,-0.00941083
middle_sum,0.00140513,0.00671895,-0.00459358
low_sum,0.00968638,0.0034982,0.000565312
receivers,0.00179083,0.00210747,-0.00115924
seller_sum,0.00068691,0.00715793,-0.00823845
phone_sum,-0.00145879,0.0116095,-0.0136817
pc_sum,0.000419904,0.00434572,-0.00404936
midnight_num,-0.00618453,0.00862383,-0.0150199
afternoon_num,-0.000955325,0.00743927,-0.0082136
evening_num,0.00346562,0.00715089,-0.00553216
midnight_sum,-0.00132121,0.00793643,-0.0100179
workday_num,0.00359839,0.00321279,-0.000523471
occupation_NULL,0.193032,0.0346505,0.979408
subroot_map_50012676,-0.0483304,0.0223978,-0.0516657
qq_length_8,-0.0385775,0.340566,-0.122275
subroot_map_121414042,0.0382235,-0.0087031,0.0207501
qq_length_0,-2.4946,-1.91511,-1.30699
subroot_map_50010101,-0.0410515,0.0216416,-0.0474902
subroot_map_50010540,-0.0453208,0.0279666,-0.05162
subroot_map_50011975,-0.0488406,0.0237757,-0.0523067
subroot_map_50012308,-0.0459315,0.0252324,-0.051242
subroot_map_121388045,-0.0446639,0.0274776,-0.0511701
subroot_map_210207,0.0606266,-0.00986867,0.0336907
subroot_map_50021413,-0.0496681,0.0221315,-0.0523373
subroot_map_50000697,-0.0482118,0.0236088,-0.0519059
subroot_map_50000436,-0.0489268,0.0237487,-0.0524764
subroot_map_50003948,-0.0431988,0.0234128,-0.049457
subroot_map_122660002,0.00618325,-0.000543676,0.00157193
subroot_map_50388003,-0.0416367,0.0209175,-0.0478305
subroot_map_50012033,-0.0420854,0.0245511,-0.0490524
subroot_map_50010158,-0.0504816,0.0248563,-0.053403
registration_years_type4,-0.107506,-0.00453903,-0.144057
occupation_医护,0.0634672,0.00023763,3.01561e-05
subroot_map_50012981,0.0547568,-0.0104365,0.0311849
occupation_个体,3.85968,0.279833,1.74911
subroot_map_50012906,-0.0308559,0.0185738,-0.0355365
qq_length_9,0.763727,-1.85278,1.2941
registration_years_type3,-0.387256,0.707585,-2.1205
subroot_map_50013226,-0.0494165,0.0239056,-0.0525208
subroot_map_50021794,-0.0320705,0.0201739,-0.0418613
subroot_map_50012514,-0.0436498,0.0218471,-0.0489204
subroot_map_50012546,-0.00853259,0.0107915,-0.0217839
occupation_工厂,0.10169,0.0387442,0.00279449
subroot_map_50009211,0.0572707,-0.00654265,0.0264807
subroot_map_122964001,-0.0449123,0.0229702,-0.0500127
subroot_map_50020007,-0.0327946,0.0211441,-0.0430481
subroot_map_122438001,-0.0363309,0.0211197,-0.0452946
subroot_map_50011993,0.0368323,-0.00450913,0.0207282
subroot_map_50012645,-0.0455505,0.0218798,-0.0501428
job_list_other,-0.0683224,-0.042951,-0.0397201
subroot_map_50017913,-0.0452745,0.0234212,-0.05029
subroot_map_122950002,-0.0423164,0.0235198,-0.048716
subroot_map_123002001,-0.0435452,0.0222195,-0.0489962
subroot_map_50013865,-0.0469944,0.0240835,-0.0514856
subroot_map_123248003,0.0526026,-0.00937033,0.0309298
subroot_map_50020850,-0.0437203,0.0222589,-0.0492676
subroot_map_50016091,0.0539858,-0.00887863,0.0296128
subroot_map_50552001,0.0573596,-0.0114985,0.033835
subroot_map_50006020,-0.0442098,0.0211399,-0.0478013
subroot_map_50009521,-0.0460964,0.0239222,-0.0510076
subroot_map_50012448,-0.0530584,0.0255233,-0.0560501
subroot_map_50008281,-0.0425707,0.0217434,-0.0484474
qq_length_15,-0.000837129,0.00314836,-0.004633
subroot_map_50012716,-0.0460636,0.0221337,-0.0502523
subroot_map_50003321,-0.0413257,0.0214323,-0.0472438
subroot_map_50008888,-0.0484852,0.0230963,-0.0519379
subroot_map_50005756,-0.0478078,0.0226279,-0.0515725
subroot_map_50007003,-0.0456359,0.024357,-0.0507307
subroot_map_162205,-0.0506142,0.0244653,-0.0535287
high_sum_NULL,-0.134215,0.0510451,-0.132558
middle_sum_NULL,-0.134215,0.0510451,-0.132558
low_sum_NULL,-0.134215,0.0510451,-0.132558
subroot_map_50010103,-0.0496385,0.0221954,-0.0527605
registration_years_type2,0.168866,0.673915,-0.559576
subroot_map_50020836,-0.0525947,0.0237282,-0.0548324
subroot_map_50020835,-0.049517,0.0241143,-0.0527682
subroot_map_50022734,-0.038488,0.0196457,-0.0453091
subroot_map_50000671,-0.0473255,0.0236289,-0.0515134
subroot_map_50024641,-0.0475273,0.0222507,-0.0512062
subroot_map_50018005,0.0177606,0.0035704,0.00172819
subroot_map_50012781,-0.0536619,0.0241619,-0.0551937
subroot_map_162116,-0.0481167,0.023887,-0.0519311
subroot_map_125024005,-0.0448018,0.0230897,-0.0495857
subroot_map_50012027,-0.0491665,0.0237025,-0.0524804
subroot_map_50011277,-0.0474593,0.0237511,-0.0515259
subroot_map_50017319,-0.0519331,0.0259502,-0.0549951
subroot_map_50013878,-0.0473487,0.0235182,-0.0516015
subroot_map_50020848,-0.0418859,0.0227061,-0.0482751
subroot_map_50008548,-0.0422494,0.0214394,-0.0481911
subroot_map_122950008,-0.0427556,0.021565,-0.0484152
subroot_map_50024128,-0.0521116,0.0238264,-0.0542799
subroot_map_50020840,-0.0462069,0.0231805,-0.0507779
subroot_map_50008545,-0.0402854,0.0204411,-0.0466516
subroot_map_50018772,0.0564483,-0.0101975,0.0297011
subroot_map_50025860,-0.0494145,0.0225386,-0.0523761
subroot_map_121400005,-0.0497828,0.0239737,-0.0528733
subroot_map_50024097,-0.0504452,0.0249588,-0.0533461
subroot_map_50024095,-0.0439484,0.0231018,-0.0491117
subroot_map_50024094,-0.0489817,0.0238958,-0.0525282
subroot_map_124506004,-0.0532534,0.0238781,-0.0548469
subroot_map_50010099,-0.0462783,0.022716,-0.0509289
subroot_map_50009146,-0.0409339,0.0216002,-0.0474248
subroot_map_50024103,-0.0496892,0.0232586,-0.0523975
subroot_map_50023497,-0.0474291,0.0220563,-0.0513532
subroot_map_50002506,-0.043192,0.0212522,-0.0486738
subroot_map_122920002,-0.048768,0.023502,-0.0522339
subroot_map_50014023,-0.0474681,0.0239768,-0.0518491
subroot_map_50010368,-0.0479861,0.0259863,-0.0524728
subroot_map_122690003,-0.0475113,0.0240066,-0.0518849
subroot_map_50005730,-0.0463614,0.0223022,-0.0505425
subroot_map_302910,-0.048141,0.0249976,-0.052312
subroot_map_50003949,-0.0411988,0.0213808,-0.0476437
subroot_map_2132,-0.0411887,0.0213613,-0.0474838
subroot_map_50015127,-0.0393254,0.0219554,-0.0468124
subroot_map_50014756,-0.0461981,0.0228648,-0.0507209
subroot_map_1623,-0.0478262,0.0236296,-0.0517421
subroot_map_1622,-0.0467376,0.0236919,-0.0511702
subroot_map_122968003,-0.0454168,0.0241736,-0.0506198
subroot_map_50020519,-0.0522132,0.0225064,-0.0538176
subroot_map_50023504,-0.0492617,0.0232384,-0.0528757
subroot_map_50023625,-0.0478529,0.0245874,-0.0520724
subroot_map_50023502,-0.0469968,0.0234023,-0.0511203
subroot_map_50014480,-0.0403729,0.0233737,-0.0477262
subroot_map_50006846,-0.0474302,0.023126,-0.0514382
subroot_map_50014482,-0.040446,0.0214007,-0.0476776
subroot_map_50014481,-0.0492834,0.0230101,-0.0523781
subroot_map_50146004,-0.0479519,0.0240719,-0.0520474
subroot_map_121138001,-0.0415838,0.0225891,-0.0486573
subroot_map_50007010,-0.0287365,0.0178538,-0.0392203
subroot_map_2305,-0.049077,0.0233687,-0.0522774
subroot_map_50009037,-0.0480005,0.0222776,-0.0512035
subroot_map_50020646,0.0269322,0.00219758,0.00223136
subroot_map_50020487,-0.0436811,0.0219375,-0.0491669
subroot_map_50017085,-0.0477102,0.0231364,-0.051596
subroot_map_50005747,-0.0425188,0.0209285,-0.0482683
subroot_map_50020490,0.0572911,-0.010504,0.0331277
subroot_map_122954001,-0.0401807,0.0218367,-0.0471774
subroot_map_50002918,-0.0488002,0.0229474,-0.0523968
subroot_map_50010537,-0.0494201,0.0246787,-0.0529151
subroot_map_50024050,-0.0331978,0.020732,-0.0423849
subroot_map_121408038,-0.0491431,0.0242901,-0.0526276
subroot_map_50078002,0.0458673,-0.00805179,0.02707
subroot_map_50078001,0.0555655,-0.0073397,0.0298265
subroot_map_121408037,-0.0438844,0.023583,-0.0497522
subroot_map_121434005,-0.0504747,0.0245309,-0.0534606
subroot_map_50014227,-0.049848,0.0237375,-0.0529273
subroot_map_50006583,-0.0389801,0.0283161,-0.0483191
subroot_map_50010042,-0.0464947,0.022472,-0.050871
subroot_map_50018708,-0.0183749,0.0173361,-0.0343367
subroot_map_123006001,-0.0428029,0.0215248,-0.0485482
subroot_map_122632007,-0.0526286,0.0238266,-0.0541571
subroot_map_50015285,-0.0419687,0.0218974,-0.0482652
subroot_map_217312,0.053825,-0.0094688,0.0295849
subroot_map_121454006,-0.0482921,0.0238845,-0.0519528
subroot_map_162104,-0.046838,0.0241273,-0.0513741
subroot_map_122680006,-0.0499671,0.0250555,-0.0533581
subroot_map_50014479,-0.0270053,0.0199543,-0.039581
subroot_map_50005757,-0.0475247,0.0229334,-0.0514908
subroot_map_1629,-0.0489239,0.0243197,-0.0527494
subroot_map_50050725,-0.00109869,0.000462107,-0.00222234
subroot_map_50013061,0.0551147,-0.0102308,0.0296166
subroot_map_50008885,-0.0415586,0.0226757,-0.0482749
subroot_map_50012028,-0.0495242,0.0239218,-0.0527278
subroot_map_50008565,-0.0458235,0.0231805,-0.0506742
occupation_公职,0.2726,-0.0447954,0.0680404
subroot_map_50015288,0.0154015,0.0091232,-0.0132092
subroot_map_121408009,0.0556366,-0.00816035,0.031295
subroot_map_50012512,-0.0197584,0.016592,-0.0345287
subroot_map_50012772,-0.0476705,0.0231535,-0.0516028
subroot_map_121408018,-0.0477693,0.0223295,-0.0512802
subroot_map_121370030,-0.0114895,0.015527,-0.0292039
subroot_map_122970002,-0.039505,0.020518,-0.0463412
subroot_map_122852003,-0.0177048,0.0152637,-0.032568
subroot_map_123008001,-0.0394549,0.0218832,-0.0470416
subroot_map_123004002,-0.0446165,0.0214973,-0.0495601
subroot_map_50025007,-0.0214168,0.0114127,-0.0241777
subroot_map_50026403,-0.0424469,0.0205612,-0.0477654
subroot_map_50019630,-0.051778,0.0232576,-0.0536768
subroot_map_122958002,-0.0417421,0.0220037,-0.0479371
subroot_map_50018960,0.0627854,-0.0121146,0.0336142
subroot_map_50015455,-0.0425273,0.0211991,-0.047994
subroot_map_50012036,-0.048974,0.024235,-0.0529226
subroot_map_50010794,0.0560824,-0.00733739,0.0298641
subroot_map_50013194,-0.0480149,0.023852,-0.051822
subroot_map_162103,-0.0485571,0.0238887,-0.0521352
subroot_map_50013794,0.0352651,-0.00433302,0.0207231
occupation_教育,0.288808,0.167226,0.0301088
subroot_map_210605,0.0659131,-0.0097286,0.0387574
subroot_map_50008898,-0.0475349,0.0238812,-0.0516597
subroot_map_121390006,0.00879732,-0.000646126,0.00503102
subroot_map_50011979,0.00787737,-0.000584507,0.00458203
subroot_map_50008900,-0.0459107,0.0236201,-0.0507027
subroot_map_50001705,0.0385627,-0.00697718,0.0205801
subroot_map_50025114,-0.00422024,0.00179317,-0.00439492
subroot_map_121412004,-0.045945,0.023199,-0.0505412
subroot_map_50008557,-0.0334494,0.0193362,-0.0426979
subroot_map_50018327,-0.0430015,0.0209161,-0.0484573
subroot_map_50011978,0.00774045,-0.000522581,0.00452941
subroot_map_50010518,-0.0406679,0.0264821,-0.0488283
subroot_map_50010539,-0.0440194,0.0250238,-0.04994
subroot_map_50012343,-0.039474,0.0259414,-0.0479081
subroot_map_123016002,-0.0417328,0.0216883,-0.0479346
subroot_map_50012436,-0.0423082,0.0214016,-0.047999
subroot_map_121410037,0.0457905,-0.00684174,0.0242839
occupation_大学,0.225809,0.288888,0.00309828
subroot_map_50010808,0.0545319,-0.00503855,0.0268034
subroot_map_124470013,-0.0353812,0.0223369,-0.0441599
subroot_map_50000852,-0.0414704,0.0226142,-0.0478263
subroot_map_50012165,-0.0488089,0.0234313,-0.0523769
subroot_map_50012042,-0.0497875,0.0246681,-0.0532386
subroot_map_50000049,-0.0449029,0.0222834,-0.0500574
subroot_map_50010550,0.043882,-0.0073986,0.0228198
subroot_map_50000141,-0.0478625,0.0231587,-0.0517929
subroot_map_50012341,-0.031793,0.0293181,-0.0442688
subroot_map_50023686,-0.0411089,0.0217965,-0.0478196
subroot_map_50020486,-0.0386056,0.0208443,-0.0460608
subroot_map_50002777,-0.0463327,0.0226897,-0.0508645
subroot_map_213002,-0.047856,0.0233176,-0.0517454
subroot_map_50010796,-0.0322766,0.0207204,-0.0427534
subroot_map_50012770,-0.0359724,0.0213703,-0.0444182
subroot_map_50012404,-0.0324315,0.0215297,-0.0392002
subroot_map_50014757,-0.037845,0.0205868,-0.045048
subroot_map_50020491,0.0549227,-0.0103593,0.0312725
subroot_map_50019601,-0.042904,0.021428,-0.0482803
subroot_map_50019935,-0.0377601,0.0202635,-0.0453651
subroot_map_50012135,-0.036509,0.0204407,-0.0441461
subroot_map_50021057,-0.0393169,0.0228314,-0.0465175
subroot_map_50012482,0.0338087,-0.00105875,0.00841438
subroot_map_50014248,-0.0474372,0.0249331,-0.0520793
subroot_map_50007116,-0.041604,0.0226607,-0.047873
subroot_map_50015292,0.064127,-0.0133363,0.0383267
subroot_map_50008876,-0.0444031,0.0225966,-0.0494355
subroot_map_50011165,-0.0448134,0.0254391,-0.0504009
subroot_map_3035,-0.0505626,0.0240272,-0.0533051
subroot_map_122666001,0.00762042,-0.00150309,0.00396608
subroot_map_1624,-0.049551,0.0244735,-0.0529055
subroot_map_50019780,0.044351,-0.00613353,0.0266918
subroot_map_50010790,0.018708,-0.00134672,0.00980104
subroot_map_50012487,0.0573151,-0.0111871,0.0328548
subroot_map_124246008,0.0321454,-0.00430034,0.0140189
qq_length_20,0.000922044,-6.38877e-05,0.000619192
subroot_map_50023066,0.0517288,-0.00823986,0.0312353
subroot_map_50015207,0.074414,-0.0162324,0.0455657
subroot_map_50009821,0.0749174,-0.0146787,0.0424561
subroot_map_50023105,-0.0429017,0.0237564,-0.0489654
subroot_map_50016889,-0.0513827,0.0231113,-0.0538775
subroot_map_50023728,0.022184,0.00231879,-0.000670504
subroot_map_50008899,-0.0487154,0.023603,-0.052234
occupation_银行,0.0212918,-0.0146315,0.00147005
subroot_map_50020296,0.0544254,-0.0105138,0.0316291
subroot_map_50015218,0.0412158,-0.010419,0.0228638
subroot_map_50025682,0.060549,-0.0135119,0.0353017
subroot_map_50026471,0.0497383,-0.0127874,0.0282965
subroot_map_124388001,0.0440117,-0.00964057,0.0240353
subroot_map_50009837,0.0561763,-0.0122463,0.0335669
subroot_map_50008280,-0.043154,0.0216711,-0.0484716
subroot_map_50010420,0.0642836,-0.0135021,0.0371075
subroot_map_50594001,0.062246,-0.0134298,0.0352417
subroot_map_50012166,-0.044954,0.0227523,-0.0500065
subroot_map_50026398,0.00343988,0.000697907,0.00103624
subroot_map_50008544,-0.0453764,0.02371,-0.0504347
subroot_map_50013875,-0.0512036,0.0237433,-0.0537247
subroot_map_50024109,-0.0437449,0.0227321,-0.0493148
subroot_map_122956002,-0.0465595,0.0225468,-0.0507374
subroot_map_50011123,-0.0490663,0.0242155,-0.0526368
subroot_map_50016663,-0.0491212,0.0230615,-0.0523179
subroot_map_123378001,0.0291351,-0.00541833,0.0149285
subroot_map_50011159,-0.0541553,0.0246902,-0.0553949
subroot_map_50004620,-0.045277,0.0232557,-0.0502531
subroot_map_50024153,0.0352244,-0.000857075,0.0137109
subroot_map_50008881,-0.0475681,0.0229152,-0.0514476
subroot_map_50016353,-0.0478224,0.022343,-0.0514296
subroot_map_50008430,0.0540656,-0.00952594,0.0321186
subroot_map_121398006,0.0632427,-0.0122608,0.0349698
subroot_map_50020677,0.0397084,-0.00878201,0.0252976
subroot_map_121386023,0.0521589,-0.00726508,0.0258237
subroot_map_122242007,0.0460065,-0.00909768,0.0297096
subroot_map_50008554,-0.0444127,0.0210669,-0.0492101
subroot_map_50316001,0.0503118,-0.00845949,0.0302443
subroot_map_3314,-0.0401945,0.0218108,-0.0471587
subroot_map_50006000,-0.0473118,0.0218298,-0.0511104
subroot_map_50005033,-0.0440084,0.0233876,-0.049582
subroot_map_50012825,-0.0480203,0.023636,-0.0520423
subroot_map_50021419,-0.048612,0.0220862,-0.0516071
subroot_map_50021417,-0.0496477,0.0240671,-0.0526471
subroot_map_121466009,0.051865,-0.00677095,0.0256006
subroot_map_50021415,-0.0506379,0.0227449,-0.0530286
subroot_map_122654005,-0.0528735,0.0246644,-0.0548304
subroot_map_50008543,-0.0347052,0.0197374,-0.0432076
subroot_map_50021420,-0.0458007,0.0237902,-0.0508296
subroot_map_50050199,-0.043762,0.0220168,-0.049196
subroot_map_121364004,-0.0433891,0.025044,-0.0495843
subroot_map_121364003,-0.0480266,0.0219229,-0.0515675
subroot_map_50000813,-0.052697,0.0239081,-0.0544532
subroot_map_50011980,0.0116819,-0.00111922,0.00639768
subroot_map_110809,-0.00348702,0.00419998,-0.00649203
subroot_map_122620013,-0.0501971,0.0230734,-0.0529361
subroot_map_50010530,-0.0456173,0.0277041,-0.0527677
subroot_map_50005060,-0.0453429,0.0222273,-0.049508
subroot_map_50011826,-0.0416854,0.0216702,-0.0478462
subroot_map_50007125,-0.0524318,0.0235723,-0.054239
subroot_map_1,0,0,0
subroot_map_50010527,-0.0401522,0.0268373,-0.048484
subroot_map_50010406,-0.0439734,0.0223483,-0.0493004
subroot_map_50010524,-0.0373254,0.0258146,-0.0464338
subroot_map_50010402,-0.0495354,0.022835,-0.0522263
subroot_map_3338,-0.0508236,0.0234972,-0.0535158
subroot_map_50005050,0.0442095,-0.00695943,0.0227325
subroot_map_50008563,0.0408585,-0.00970744,0.0225419
subroot_map_124412002,-0.0550321,0.022042,-0.0556315
subroot_map_50011717,-0.0331635,0.0227322,-0.0426041
subroot_map_50018230,-0.0271665,0.0195294,-0.0389436
subroot_map_50016058,-0.0485556,0.023575,-0.0523803
subroot_map_122642004,0.0170262,-0.000695116,0.00317232
subroot_map_122998001,-0.0435019,0.0217396,-0.0484953
subroot_map_50006217,-0.0526435,0.0236588,-0.0546212
subroot_map_122974003,-0.0343684,0.0211643,-0.0432624
subroot_map_50019651,-0.0525906,0.0239359,-0.0543781
subroot_map_50015293,0.0626629,-0.0125064,0.034724
subroot_map_50010825,-0.0459431,0.0247695,-0.0514128
subroot_map_2165,0.058017,-0.0114269,0.0337923
subroot_map_121456019,-0.0472475,0.0232465,-0.0513713
subroot_map_50012907,-0.0525872,0.0245847,-0.0547047
subroot_map_50012908,-0.0434945,0.0249988,-0.0499724
subroot_map_123004001,-0.0478747,0.0234768,-0.0517623
subroot_map_122736001,-0.0502912,0.0224505,-0.0527367
subroot_map_50010815,0.0523854,-0.00738282,0.0289248
subroot_map_50010813,-0.0494838,0.0231203,-0.0524567
subroot_map_50018218,-0.0419618,0.0196132,-0.0467211
subroot_map_50016119,-0.0428153,0.0225784,-0.048772
subroot_map_122918003,-0.0449119,0.0225162,-0.0499325
subroot_map_50008779,-0.0411528,0.0229015,-0.0477663
subroot_map_50005266,-0.0458469,0.0220465,-0.0504995
subroot_map_50008897,-0.0492294,0.0235347,-0.0523567
subroot_map_121386009,-0.0558069,0.0230983,-0.0568373
subroot_map_124708009,0.0108012,-0.0012636,0.00472032
subroot_map_50018424,-0.0489411,0.0225705,-0.0520996
subroot_map_50018426,-0.0399503,0.0214025,-0.0467911
subroot_map_121434004,-0.0496248,0.02437,-0.0530186
subroot_map_50008883,-0.0480854,0.022875,-0.0516594
subroot_map_50006584,-0.0449225,0.0239075,-0.0502635
subroot_map_121456022,-0.0440076,0.0239363,-0.0501313
subroot_map_50005250,-0.0421668,0.0219392,-0.0480073
subroot_map_50021837,0.0394587,-0.0108143,0.0249264
subroot_map_50009857,0.0554761,-0.0101513,0.0309417
subroot_map_50008528,-0.0449328,0.0214833,-0.0494491
subroot_map_50019641,-0.0504713,0.0230777,-0.052954
subroot_map_50050371,0.0755389,-0.0118906,0.0421138
subroot_map_121462057,-0.0408379,0.0233869,-0.0477293
subroot_map_50050489,0.00175748,-1.71458e-05,0.000639343
subroot_map_50015371,-0.0433806,0.0226006,-0.0490298
subroot_map_121384005,-0.0525813,0.0232269,-0.0542709
subroot_map_50013196,-0.0470788,0.0248015,-0.0516303
subroot_map_50015374,-0.0444872,0.0235499,-0.0497831
subroot_map_50015377,-0.0435335,0.0207769,-0.048825
subroot_map_50013198,-0.0447303,0.0218975,-0.0495327
subroot_map_121956004,-0.0520239,0.026187,-0.0543428
subroot_map_50019617,-0.0507264,0.0225387,-0.0529795
subroot_map_125058001,0.0240532,-0.00376912,0.0132841
subroot_map_50020845,-0.0523891,0.0233668,-0.0539578
subroot_map_124346005,-0.0462717,0.0254184,-0.0517166
subroot_map_50020841,-0.0500046,0.0224821,-0.0530115
subroot_map_50016472,-0.0489633,0.023224,-0.0520729
subroot_map_50024098,-0.0478925,0.0233031,-0.0516618
subroot_map_50015262,0.0483734,-0.008594,0.027404
subroot_map_121452006,-0.0384333,0.0246401,-0.0476366
subroot_map_124988005,0.0192292,-0.000746678,0.00924577
subroot_map_350407,-0.0370669,0.0202427,-0.0445847
subroot_map_350404,-0.0351836,0.0207671,-0.0440135
subroot_map_350402,-0.0411394,0.0229616,-0.0484936
subroot_map_50008613,0.0506637,-0.0109397,0.0274032
subroot_map_50008737,-0.0531196,0.0230861,-0.0543583
subroot_map_50012080,-0.0361409,0.0196105,-0.042698
subroot_map_121384022,-0.0500415,0.0224192,-0.052669
subroot_map_50010807,0.0479044,-0.00404217,0.0227288
subroot_map_50010805,0.0493003,-0.00737718,0.0247168
subroot_map_124208010,-0.0468192,0.0227681,-0.0508247
subroot_map_50012083,-0.0335583,0.0205476,-0.042647
subroot_map_50023096,-0.0566618,0.0234856,-0.0563817
subroot_map_50010803,0.0558951,-0.00756146,0.0280361
subroot_map_50016443,0.0186598,-0.00304409,0.0114736
subroot_map_124208014,0.0605345,-0.00696189,0.0301703
subroot_map_124392002,0.0193834,-0.00716862,0.0118305
subroot_map_50016689,-0.0474735,0.02206,-0.0515035
subroot_map_50016687,-0.0512921,0.0228244,-0.0535837
subroot_map_50019712,-0.0449449,0.0220028,-0.049534
subroot_map_50018869,-0.0436069,0.0232816,-0.0497972
subroot_map_50004363,-0.03903,0.0193117,-0.0451343
subroot_map_50008604,0.0548423,-0.0114948,0.0331518
subroot_map_125046003,0.0479765,-0.00249494,0.0221379
subroot_map_125046004,-0.0426712,0.0210877,-0.0480103
subroot_map_50016455,-0.0380338,0.0211,-0.0457696
subroot_map_50013189,-0.0420038,0.0250025,-0.0492351
subroot_map_350507,-0.0475689,0.0213967,-0.050382
subroot_map_121410016,-0.0433469,0.0219979,-0.0485258
subroot_map_50000072,-0.0467294,0.0225188,-0.0506693
subroot_map_50004674,-0.0468861,0.0228307,-0.0511144
subroot_map_121394007,-0.047952,0.0228224,-0.0519612
subroot_map_50024048,-0.0483542,0.024513,-0.0526148
subroot_map_124138007,0.0426148,-0.00498063,0.0208149
subroot_map_50008904,-0.0527121,0.0261342,-0.0550581
subroot_map_125232003,-0.0481446,0.0220776,-0.0513499
subroot_map_50025012,-0.0477766,0.0229864,-0.0519402
subroot_map_50008906,-0.0496708,0.0259001,-0.0537144
subroot_map_50008905,-0.0567822,0.0242037,-0.0567435
subroot_map_123514003,-0.0454554,0.0218858,-0.0504542
subroot_map_50012068,0.0541029,-0.0099918,0.0279712
subroot_map_50019812,-0.0332444,0.0213673,-0.0423122
subroot_map_290503,-0.0411611,0.0189256,-0.0453558
subroot_map_50015219,0.0138621,-0.000610829,-0.00200736
subroot_map_50005752,-0.0451277,0.0212891,-0.0497525
subroot_map_50008901,-0.0483359,0.0238003,-0.0521952
subroot_map_211708,-0.0454095,0.0230759,-0.050124
subroot_map_211707,-0.0533699,0.0225744,-0.0543268
subroot_map_122894005,0.0408736,-0.0098485,0.0247709
subroot_map_123454001,0.0078073,0.00157276,0.00278506
subroot_map_50014493,-0.0365425,0.0222762,-0.0447553
subroot_map_121382014,0.0420702,-0.00533924,0.0199245
subroot_map_50018971,0.0683558,-0.0146994,0.0407902
subroot_map_50018975,0.00510434,0.000875231,0.00222953
subroot_map_121454013,0.0159075,-0.00206774,0.00921331
subroot_map_121454011,-0.0441388,0.0221543,-0.0488971
subroot_map_121476002,-0.0511056,0.0250299,-0.0542329
subroot_map_50025111,0.0322446,-0.00258894,0.0131373
subroot_map_50023294,-0.0166009,0.0161908,-0.0319689
subroot_map_50012162,-0.0442759,0.0219157,-0.0495097
subroot_map_50012163,-0.0360987,0.0206751,-0.0443932
subroot_map_50012043,-0.0375793,0.0198326,-0.0413295
subroot_map_50015558,0.0222836,-0.00220826,0.0124245
subroot_map_50001290,-0.050524,0.0225729,-0.0560909
subroot_map_50005774,0.011897,-0.00233959,0.00626152
subroot_map_50005773,0.0585558,-0.0116174,0.0382523
subroot_map_50003112,-0.0166622,0.013215,-0.03309
subroot_map_50152002,-0.0482537,0.0229198,-0.0518789
subroot_map_50023067,0.0667352,-0.00912295,0.0394656
subroot_map_50070004,0.0637184,-0.00939011,0.0375689
subroot_map_50012051,-0.0479763,0.0226439,-0.0513591
subroot_map_50013021,-0.0416525,0.0193551,-0.0484134
subroot_map_50015200,0.0114452,0.00718689,-0.00762145
subroot_map_50015568,-0.0431263,0.0211304,-0.0479682
subroot_map_50011167,-0.00172096,0.00450333,-0.00479068
subroot_map_50012019,-0.0498945,0.0241298,-0.0529918
subroot_map_121426007,0.0642707,-0.00904628,0.0331613
subroot_map_123000001,-0.0499537,0.0230943,-0.0527797
subroot_map_50025689,0.0641933,-0.00980017,0.0359474
subroot_map_50013477,-0.0450485,0.0217234,-0.0509732
subroot_map_50011153,-0.050254,0.0239031,-0.0531222
subroot_map_50011150,0.052787,-0.00954156,0.0312568
subroot_map_50004743,-0.0544679,0.0227931,-0.0554395
subroot_map_50004621,-0.0479168,0.0221099,-0.0511059
subroot_map_50005952,-0.0431994,0.021732,-0.0488123
subroot_map_50024369,-0.0273589,0.0174703,-0.0382899
subroot_map_50024248,0.0477362,-0.0109586,0.0278825
subroot_map_2909,-0.0190862,0.0183765,-0.0358867
subroot_map_50023283,-0.0448404,0.0227892,-0.0495738
subroot_map_50012031,-0.0217982,0.0136144,-0.026017
subroot_map_50012032,-0.0487623,0.024432,-0.0527295
subroot_map_50015988,-0.0522806,0.0227142,-0.0538227
subroot_map_110215,-0.038942,0.0241348,-0.0470708
subroot_map_50000177,-0.057286,0.0251278,-0.0571562
subroot_map_110210,-0.0466799,0.0215762,-0.0504382
subroot_map_110211,-0.0442681,0.0221182,-0.0486787
subroot_map_50050622,-0.0422692,0.0205894,-0.0475152
subroot_map_124406003,-0.0275439,0.0188099,-0.0396612
subroot_map_50003318,-0.0525272,0.0244206,-0.0548313
subroot_map_50023498,-0.0486985,0.0224468,-0.051595
subroot_map_50005736,-0.0432957,0.0217594,-0.048642
subroot_map_50024101,-0.0413194,0.0244458,-0.0483646
subroot_map_123596001,-0.054233,0.0275421,-0.0564266
subroot_map_50013217,-0.0376478,0.0202762,-0.0454821
subroot_map_124086006,0.0141234,0.000230522,0.00340126
subroot_map_50015518,-0.0512547,0.0218853,-0.0533523
subroot_map_122430002,0.0552527,-0.0101244,0.0309893
subroot_map_50016729,-0.042751,0.0226324,-0.0484274
subroot_map_50025680,0.0528512,-0.010037,0.0335444
subroot_map_122730001,-0.0502542,0.02228,-0.0531257
subroot_map_121472013,0.0125598,0.0036636,-0.00514296
subroot_map_121288001,0.0534167,-0.0120564,0.0311262
subroot_map_122880002,-0.0424083,0.0214088,-0.0478004
subroot_map_50009047,-0.0470231,0.0223131,-0.0511547
subroot_map_50010394,-0.0378652,0.0206391,-0.0454265
subroot_map_50014759,-0.038413,0.0200309,-0.0459126
subroot_map_50003860,0.0600194,-0.0129653,0.0357393
subroot_map_122444001,-0.040484,0.0201603,-0.0467666
subroot_map_50003854,-0.0437306,0.0232019,-0.0493827
subroot_map_50026617,-0.0465188,0.0223164,-0.0505692
subroot_map_50002409,-0.0379615,0.021696,-0.045828
subroot_map_121380002,-0.0426133,0.0227803,-0.0487209
subroot_map_124488008,-0.0505682,0.0246483,-0.053387
subroot_map_50012342,-0.0434005,0.0246662,-0.0495302
subroot_map_50014763,-0.0322638,0.0169952,-0.0373958
subroot_map_50012345,-0.0426498,0.0251837,-0.049576
subroot_map_50014764,-0.046479,0.0224551,-0.0507386
subroot_map_50012347,-0.0493945,0.0249639,-0.052949
subroot_map_50012349,-0.0337842,0.023764,-0.0438652
subroot_map_50010021,-0.0392654,0.0229605,-0.0465758
subroot_map_121368002,-0.0508252,0.0228815,-0.0536498
subroot_map_50009033,-0.0347336,0.0210238,-0.043361
subroot_map_50009032,-0.0483069,0.0238667,-0.052088
subroot_map_50000582,-0.0523103,0.0235631,-0.0545501
subroot_map_50003853,-0.00313505,0.00171993,-0.00453268
subroot_map_50000583,-0.0460787,0.0230972,-0.0507731
subroot_map_124462006,-0.0563162,0.024261,-0.0567716
subroot_map_122682001,-0.00801067,0.00547525,-0.0130061
subroot_map_50004816,-0.0573968,0.0237655,-0.0568735
subroot_map_50496015,-0.0526285,0.0232189,-0.0541443
subroot_map_50160002,0.00270893,-0.00107218,0.00219678
subroot_map_50022270,0.00949993,-0.0012382,0.00420267
subroot_map_50012473,-0.0349951,0.020836,-0.043811
subroot_map_50012354,-0.0473636,0.0230058,-0.0510833
subroot_map_50013202,-0.0504275,0.0232625,-0.0532456
subroot_map_50014855,1.89141e-05,0.00720703,-0.00694822
subroot_map_50014854,-0.042135,0.0236595,-0.048992
subroot_map_50012314,-0.0481042,0.0214467,-0.0517073
subroot_map_50013888,-0.0500087,0.0234221,-0.0528762
subroot_map_121392003,-0.0543733,0.0244187,-0.0555213
subroot_map_121392004,-0.0470997,0.0236856,-0.0515654
subroot_map_50003881,0.0225898,-0.0035294,0.013922
subroot_map_50023206,-0.0404587,0.0204984,-0.0469872
subroot_map_50023688,-0.0447795,0.0245674,-0.0506161
subroot_map_50024300,-0.0302536,0.0178943,-0.0392755
subroot_map_50023573,-0.046171,0.0219169,-0.0501394
subroot_map_50004849,-0.048905,0.0215047,-0.0513762
subroot_map_50013891,-0.0425982,0.0198416,-0.0482054
subroot_map_217302,0.00178226,-0.000861523,0.00153255
subroot_map_50010167,-0.0470861,0.024305,-0.0513289
subroot_map_1512,0.0662535,-0.00882483,0.0348886
subroot_map_50000360,-0.0503888,0.0224164,-0.0527595
subroot_map_122946001,-0.0483296,0.0237482,-0.0521042
subroot_map_121462024,-0.043821,0.021205,-0.0487654
subroot_map_350310,-0.0377977,0.0193186,-0.0446455
subroot_map_124130011,0.0703707,-0.00905845,0.038844
subroot_map_50002415,-0.0406546,0.0215079,-0.0465398
subroot_map_50019084,0.00507169,-0.00142763,0.00350064
subroot_map_50002898,-0.0401327,0.0222292,-0.0470135
subroot_map_50025883,-0.0139202,0.0107604,-0.0176967
subroot_map_50005929,-0.0273802,0.0188328,-0.0411565
subroot_map_217311,-0.0415523,0.0218354,-0.0479774
subroot_map_50011129,-0.0418742,0.0283809,-0.0495186
subroot_map_123538002,0.0188404,0.00599618,-0.00122856
subroot_map_50010159,-0.0490099,0.0235107,-0.0523126
subroot_map_50014512,-0.0534691,0.0276488,-0.0560726
subroot_map_50012455,-0.043099,0.0228163,-0.0489104
subroot_map_50012412,-0.047038,0.0232871,-0.0515582
subroot_map_2512,-0.0462386,0.0229516,-0.0506703
subroot_map_50008275,-0.0488569,0.0218827,-0.0520882
subroot_map_50013866,-0.0469089,0.0231071,-0.0514318
subroot_map_50012777,-0.0394643,0.0216434,-0.0463993
subroot_map_50012778,-0.0443023,0.0237072,-0.0500711
subroot_map_50013868,-0.0403177,0.0235769,-0.0472111
subroot_map_50013869,-0.0514468,0.0234826,-0.0537629
subroot_map_50008274,-0.0478939,0.0224671,-0.0515204
subroot_map_124730001,-0.0467077,0.0236385,-0.0509649
subroot_map_50021133,-0.0422466,0.020574,-0.0475734
subroot_map_124300002,0.00929066,-0.00227689,0.00521064
subroot_map_121390007,0.0454742,-0.00903593,0.0266444
subroot_map_50024881,-0.0254514,0.0204504,-0.0376623
subroot_map_50013870,-0.0492308,0.0246071,-0.0528526
subroot_map_50013871,-0.0472938,0.0251006,-0.0522003
subroot_map_50012784,-0.0426509,0.0207174,-0.048614
subroot_map_50012785,-0.0519291,0.0247422,-0.0543118
subroot_map_121434026,-0.0409051,0.0230547,-0.0483024
subroot_map_124506009,-0.0406805,0.0230462,-0.0478216
subroot_map_50012786,-0.0293044,0.0188595,-0.0400572
subroot_map_50010464,-0.0434238,0.0218115,-0.048539
subroot_map_50012787,-0.0294115,0.016312,-0.0385971
subroot_map_124472007,-0.0454979,0.0229046,-0.0504279
subroot_map_50012424,-0.0481043,0.0266792,-0.0526915
subroot_map_50013876,-0.0523952,0.0235945,-0.0543181
subroot_map_50015816,0.0363647,-0.00472718,0.0207179
subroot_map_50012307,-0.0486502,0.0225337,-0.0517074
subroot_map_50025858,-0.0411326,0.0205633,-0.046998
subroot_map_50001871,-0.0436338,0.023165,-0.0494456
subroot_map_50025864,-0.0298645,0.0240176,-0.0406587
subroot_map_50023444,-0.0351382,0.0233304,-0.0444923
subroot_map_50025862,-0.0481628,0.0207622,-0.0521735
subroot_map_50001865,-0.0412753,0.021349,-0.0473278
subroot_map_50001748,-0.0285629,0.0181855,-0.0382558
subroot_map_122996002,-0.041943,0.0230491,-0.0484013
subroot_map_50013882,-0.0513139,0.0251651,-0.0553546
subroot_map_50008179,-0.0503932,0.0229982,-0.0530198
subroot_map_1205,-0.0480971,0.0230677,-0.051639
subroot_map_50604012,0.012772,-0.00298644,0.00917816
subroot_map_121458010,-0.0451112,0.0212782,-0.0492392
subroot_map_50025710,-0.0456556,0.0219995,-0.0510205
subroot_map_50004925,-0.0557446,0.0246615,-0.0561485
subroot_map_50148003,-0.0531583,0.0231167,-0.054263
subroot_map_50010485,-0.00262003,0.00320257,-0.0061974
subroot_map_50012766,-0.0298092,0.0204454,-0.0419182
subroot_map_50013618,-0.0429064,0.0248743,-0.049504
subroot_map_50025838,-0.0361803,0.019235,-0.0443075
subroot_map_50024626,-0.0471769,0.0239581,-0.051654
subroot_map_50022568,-0.0284912,0.0193345,-0.039521
subroot_map_121404024,0.0634107,-0.0121042,0.0349676
subroot_map_50000201,-0.0553086,0.0228626,-0.0549168
subroot_map_122438002,0.0387942,-0.00610734,0.0210976
subroot_map_50000557,-0.0253013,0.0150032,-0.028774
subroot_map_50023660,-0.0446846,0.0215017,-0.0513976
subroot_map_121416008,-0.0431046,0.0233736,-0.0493516
subroot_map_123188001,0.0518483,-0.0117626,0.0320537
subroot_map_50012771,-0.0494776,0.0247907,-0.0531092
subroot_map_122738001,-0.04392,0.0215402,-0.0488399
subroot_map_50012773,-0.0475622,0.0234795,-0.0512897
subroot_map_50013823,-0.0521578,0.0231021,-0.054244
subroot_map_50011888,-0.0395527,0.0230426,-0.0471419
subroot_map_122960001,-0.039921,0.0309748,-0.0498699
subroot_map_50023508,-0.0190238,0.0140973,-0.0268813
subroot_map_50009206,-0.0412915,0.0216095,-0.0474081
subroot_map_50020362,0.0236361,-0.00785076,0.00961388
subroot_map_124238002,-0.0452578,0.022434,-0.0501541
subroot_map_50019250,-0.0395271,0.0206227,-0.0463281
subroot_map_121388007,0.0549317,-0.00885229,0.031523
subroot_map_50010789,0.0311902,-0.00469484,0.0139486
subroot_map_122624007,0.0221622,0.00127513,0.00286379
subroot_map_50011892,-0.0192604,0.0203281,-0.0341795
subroot_map_50011893,-0.0424136,0.0217689,-0.0477721
subroot_map_50011894,-0.0503872,0.024462,-0.0535417
subroot_map_110209,-0.0489042,0.0236387,-0.0522688
subroot_map_50011895,-0.0451749,0.0266472,-0.05129
subroot_map_50011896,-0.0126716,0.00971454,-0.0205665
subroot_map_50014923,0.0645545,-0.0136732,0.0393539
subroot_map_2301,-0.0293361,0.0213874,-0.0404631
subroot_map_110207,0.00346913,0.00113668,0.00185071
subroot_map_110201,-0.0467108,0.0214169,-0.0502817
subroot_map_50020006,0.0500789,-0.00346194,0.0200231
subroot_map_110202,-0.0578902,0.0243866,-0.057213
subroot_map_110203,-0.0489634,0.0228456,-0.0517627
subroot_map_50009556,0.0416862,-0.00866473,0.0219884
subroot_map_50020126,0.00397806,-0.000139704,0.0015799
subroot_map_50020489,0.0538536,-0.00992839,0.0304648
subroot_map_2309,0.00895528,0.00134423,0.000578583
subroot_map_50019269,-0.0473244,0.0222536,-0.0509668
subroot_map_50010531,-0.0461736,0.0239368,-0.0507817
subroot_map_124728004,0.0520852,-0.00994757,0.0307844
subroot_map_50010410,-0.0463507,0.0223878,-0.0509911
subroot_map_50012711,-0.0417965,0.0221037,-0.04849
subroot_map_50011866,-0.0475488,0.0224448,-0.0513266
subroot_map_50012834,0.0189531,-0.00303568,0.0106659
subroot_map_50024938,-0.0472059,0.0231857,-0.0510806
subroot_map_50022516,-0.048342,0.0223056,-0.0519043
subroot_map_50012959,-0.0371112,0.0213853,-0.0456043
subroot_map_121458052,0.00488208,0.000410311,0.00107441
subroot_map_50023725,0.00581718,0.00297533,0.000413023
subroot_map_50020459,0.03177,-0.00825476,0.0194829
subroot_map_122740001,-0.0463522,0.0220552,-0.0503129
subroot_map_50023721,0.0621153,-0.00931048,0.033523
subroot_map_124492002,0.0474588,-0.00790623,0.0239683
subroot_map_50019592,-0.052453,0.0231024,-0.0541378
subroot_map_50022520,-0.0498268,0.0235881,-0.0531738
subroot_map_50001739,-0.0488505,0.0239848,-0.0524307
subroot_map_50010567,-0.0473546,0.0222237,-0.0511871
subroot_map_50010566,0.0293207,-0.00422338,0.0167885
subroot_map_50011992,0.0487788,-0.00733203,0.0223326
subroot_map_50011997,0.0062902,-0.000422492,0.00375424
subroot_map_50011877,-0.0345917,0.0199137,-0.0434963
subroot_map_50009339,-0.0486691,0.0247305,-0.0525777
subroot_map_121460005,0.0705688,-0.0140235,0.0407086
subroot_map_50023613,-0.0506651,0.0228868,-0.0530183
subroot_map_121448009,0.0581037,-0.0102445,0.0336011
subroot_map_50022891,-0.0472624,0.0230534,-0.0517205
subroot_map_50001965,-0.03684,0.0323915,-0.0489365
subroot_map_50018398,-0.0469639,0.0223432,-0.0510437
subroot_map_50019007,-0.0495253,0.0230692,-0.0524785
subroot_map_50018158,-0.0338537,0.020315,-0.0427318
subroot_map_50010798,0.0385839,-0.00448014,0.0156473
subroot_map_50010797,-0.0240634,0.0205343,-0.0386965
overseas_list_hk,0.0137434,-0.00165101,-0.0189902
subroot_map_50000063,-0.051265,0.0235602,-0.0535617
subroot_map_50018909,-0.0379882,0.0218014,-0.0456678
subroot_map_50018425,-0.0560412,0.0232442,-0.0569518
subroot_map_50008246,-0.0354275,0.0193937,-0.0435116
qq_length_11,-0.0128578,0.0171419,-0.0208428
subroot_map_50024880,-0.00408033,0.000772766,-0.00828811
subroot_map_121474002,-0.045196,0.0207696,-0.0497535
subroot_map_50590001,0.00226992,0.000478708,0.000541232
qq_length_6,-0.013693,0.00897862,-0.0108039
subroot_map_50018808,0.00377375,-0.00124028,0.000401822
subroot_map_50018813,-0.00695511,0.0058292,-0.0115174
subroot_map_50050372,0.00406648,-0.000803916,0.00171923
subroot_map_121434057,0.0217333,-0.00337709,0.00674612
qq_length_12,-0.00476046,0.00753639,-0.0131217
job_list_school,0.00741221,-0.00460503,0.00497533
subroot_map_50011990,0.00972829,-0.000841109,0.0051054
subroot_map_50008551,-0.00521647,0.00475478,-0.00827594
subroot_map_121386020,0.0202554,0.0156687,0.00687666
subroot_map_3331,-0.0533517,0.0239472,-0.055612
subroot_map_123126002,-7.46961e-05,0.00134616,-0.000562705
subroot_map_50018801,0.00102778,-0.000492591,0.000483499
subroot_map_124710006,0.0457531,-0.00837781,0.0298447
subroot_map_50019103,0.00539525,-5.20511e-05,0.00304335
subroot_map_50019309,0.00139269,0.000887936,-0.00016809
subroot_map_50012910,0.00254431,0.00048029,0.000906046
subroot_map_50000054,-0.0489451,0.022732,-0.0516663
subroot_map_50001931,-0.0477518,0.0241412,-0.0521917
subroot_map_50019318,0.00470413,0.0010807,0.00219959
subroot_map_53,0,0,0
subroot_map_50022728,-0.0555342,0.0233711,-0.0561203
subroot_map_50020995,-0.000933388,0.000324907,-0.000388139
subroot_map_50019098,0.026388,-0.00498256,0.015876
subroot_map_124688012,-0.0178511,0.00873387,-0.0189652
subroot_map_124212008,-0.0141667,0.00607731,-0.014687
subroot_map_350210,-0.0230031,0.0168973,-0.032085
subroot_map_50026627,0.0115057,-0.00275361,0.00778552
subroot_map_121466042,0.00523201,0.00605573,-0.0113194
subroot_map_124984001,0.00309899,0.00142817,0.000974073
subroot_map_124912001,0.000418362,0.00029188,0.000434313
subroot_map_50019077,-0.00101118,0.000693948,-0.00116537
subroot_map_50019293,0.0525909,-0.0115504,0.0320404
subroot_map_50019058,0.003008,0.000850997,0.00127831
subroot_map_50019055,0.000752584,0.00111923,1.68887e-05
subroot_map_50008144,0.00162012,0.00218804,-0.00195648
subroot_map_50014851,0.00426397,0.000788806,0.00119179
subroot_map_50014852,0.00782222,0.00219972,0.00318341
subroot_map_140701,0.00483809,0.00621794,-0.00331785
subroot_map_124386001,0.000526837,0.00117128,-0.000461914
subroot_map_50604005,0.00388336,0.000539268,0.000937643
subroot_map_50023415,0.0134641,-0.00350189,0.00836767
subroot_map_50019287,0.00271866,-0.000751987,0.00136547
subroot_map_50019286,0.0096896,-0.000701872,0.00529212
subroot_map_50010792,0.0526047,-0.0119531,0.0309027
subroot_map_2311,-0.048854,0.0241969,-0.0525865
subroot_map_50676001,0.00950566,-0.000209239,0.00433749
subroot_map_50582002,-0.000809535,0.000737429,-0.000880707
subroot_map_50017871,-0.0483487,0.022381,-0.0516074
subroot_map_50014929,0.0144198,0.00216879,0.00742364
subroot_map_50020372,0.0265832,-0.00248019,0.0161025
subroot_map_124728003,0.000952605,-0.000276754,0.000676705
subroot_map_50023729,0.0280588,-0.00791758,0.0165196
subroot_map_50023727,0.0151833,-0.00329053,0.0095243
subroot_map_50023293,-0.0293799,0.0175664,-0.0415088
subroot_map_50118013,5.81466e-05,0.000795606,-0.000630756
subroot_map_50023068,-0.041561,0.0211569,-0.0474075
subroot_map_50013908,-0.0475212,0.0242611,-0.0516366
subroot_map_3332,-0.0500126,0.0295615,-0.0543003
subroot_map_50017117,-0.0153886,0.0266056,-0.0344397
subroot_map_50012346,-0.0313669,0.0207438,-0.0410892
subroot_map_50003848,-0.0148616,0.00629273,-0.0148924
subroot_map_50012353,-0.0443617,0.0262207,-0.0503574
subroot_map_50020856,-0.0394605,0.0219093,-0.0466522
subroot_map_50012320,-0.0478357,0.0220662,-0.0509312
subroot_map_50008884,-0.0526661,0.0241428,-0.0551227
subroot_map_124546013,-0.0443533,0.0216027,-0.0486962
subroot_map_50020846,-0.053627,0.0228327,-0.0544656
subroot_map_50012097,0.0211285,-0.00313351,0.0124949
subroot_map_50012099,-0.0394359,0.0182069,-0.0457893
subroot_map_50020492,0.0335184,-0.00686119,0.0207336
subroot_map_121388024,0.0340353,-0.000765248,0.00991264
subroot_map_50018391,-0.00753452,0.0064917,-0.0142704
overseas_list_sg,0.000741038,-0.00183311,0.00229486
overseas_list_tw,-0.0161666,0.031133,-0.0413763
subroot_map_50015380,0.00410752,-0.000139921,-0.000449801
qq_length_7,-0.00740065,0.039924,-0.00980674
subroot_map_50011720,0.0345281,-0.00705654,0.0201866
subroot_map_50011721,0.00622352,-0.00222625,0.0039023
subroot_map_50020674,0.0210366,-0.00123327,0.0113862
subroot_map_50008555,-0.0513202,0.0206503,-0.0534034
subroot_map_50020673,-0.0528852,0.0214415,-0.0545208
subroot_map_125142004,-0.0519482,0.0289268,-0.05562
subroot_map_110805,-0.00194689,0.00302127,-0.0064941
subroot_map_211503,0.0324696,-0.0101137,0.0206015
subroot_map_50005273,-0.0462928,0.0205989,-0.0503682
subroot_map_50011739,-0.0396045,0.0219081,-0.0462645
subroot_map_50020442,0.0594358,-0.0130192,0.0388698
subroot_map_50016195,-0.0200015,0.0159361,-0.0342126
subroot_map_50011982,0.00809697,-0.000110157,0.00450091
subroot_map_50011704,0.0627487,-0.0138177,0.0413174
subroot_map_50005051,-0.05042,0.0234705,-0.0531727
subroot_map_50020672,0.00629941,0.00236584,-0.00337507
subroot_map_50020671,-0.0289114,0.0331595,-0.0429432
subroot_map_121418029,-0.0591132,0.02406,-0.0578979
subroot_map_164206,-0.0541251,0.0236176,-0.0555792
subroot_map_122014001,-0.00109078,0.0100356,-0.0198283
subroot_map_50004399,-0.0135748,0.00883741,-0.0182308
subroot_map_50132001,-0.0600494,0.0242597,-0.0597994
subroot_map_50020617,0.0303377,-0.00378133,0.015262
subroot_map_50020854,-0.031812,0.0318691,-0.044833
subroot_map_50020851,-0.0589747,0.0240356,-0.0578368
subroot_map_50000802,-0.0499766,0.0223951,-0.0525545
subroot_map_50020834,-0.0458074,0.0231538,-0.0504443
subroot_map_124420003,0.0145558,-0.00433178,0.00924638
subroot_map_50020843,-0.0509292,0.0208592,-0.052886
subroot_map_124942005,-0.0483737,0.0242437,-0.0519346
subroot_map_50020842,-0.0297655,0.0184007,-0.0388264
subroot_map_122732001,-0.0116561,0.00451117,-0.0113645
subroot_map_50015230,-0.0374399,0.0195824,-0.0438816
subroot_map_50010801,-0.0474093,0.0328668,-0.0560907
subroot_map_350504,0.0379931,-0.0108657,0.0217554
subroot_map_350502,-0.0472845,0.0270289,-0.0528068
subroot_map_50025009,-0.0502088,0.0252835,-0.0531017
subroot_map_50025008,-0.05656,0.0241284,-0.0565393
subroot_map_50018720,-0.0486538,0.0217424,-0.0516278
subroot_map_50012186,0.0177343,0.000374293,0.00895049
subroot_map_290501,0.00434975,-0.00114891,0.00274536
subroot_map_50013007,0.0300207,-0.00664252,0.0152613
subroot_map_50024138,-0.055464,0.0246538,-0.0561522
subroot_map_50024389,-0.00280171,0.00103367,-0.00286104
subroot_map_50023052,-0.0579822,0.0235497,-0.0570929
subroot_map_10,0,0,0
subroot_map_50017859,-0.0557191,0.0239933,-0.0563347
subroot_map_50011161,-0.0209264,0.0175221,-0.0270673
subroot_map_50005961,-0.0490553,0.0227268,-0.0517556
subroot_map_50004870,-0.0359843,0.0219604,-0.0440942
subroot_map_50003770,-0.0488574,0.0218439,-0.0535126
subroot_map_50024258,-0.0235996,0.0143288,-0.0316914
subroot_map_50024253,-0.0536962,0.0223769,-0.0552187
subroot_map_50004893,-0.0542553,0.0225235,-0.0551604
subroot_map_50025555,0.0318539,-0.00663573,0.0201973
subroot_map_121392034,-0.05565,0.0242853,-0.0563054
subroot_map_122854005,-0.0278416,0.0196758,-0.0400577
subroot_map_50004645,-0.0533369,0.0242581,-0.0556275
subroot_map_50003312,0.0195087,0.00412484,-0.00235716
subroot_map_50017905,0.0149037,-0.00277156,0.0089768
subroot_map_50013796,-0.0539739,0.022312,-0.0542756
subroot_map_50010020,-0.0427771,0.0279884,-0.0505152
subroot_map_122650004,0.0355576,0.010982,0.0164008
subroot_map_50022271,0.00451504,0.0102666,-0.0177734
subroot_map_50013322,-0.0396382,0.0240846,-0.0476574
subroot_map_50015943,-0.0505247,0.0233564,-0.0530059
subroot_map_121380022,-0.0058173,0.00419825,-0.0106711
subroot_map_50506014,-0.0433807,0.0248536,-0.0496735
subroot_map_50021132,-0.0193086,0.016368,-0.0331881
subroot_map_211112,-0.0551901,0.0223392,-0.0561183
subroot_map_50021105,-0.0452845,0.021092,-0.0495755
subroot_map_50004806,0.0018329,0.00583659,-0.00549028
subroot_map_50011556,-0.049888,0.0270461,-0.0539502
subroot_map_121390019,-0.0489063,0.0237219,-0.0527266
subroot_map_111409,-0.0367256,0.0186914,-0.0445972
subroot_map_50020494,0.00874773,-0.00220974,0.0058023
subroot_map_50020493,0.0436034,-0.00878162,0.0237108
subroot_map_120878006,0.0548414,-0.00920232,0.0315962
subroot_map_50011743,-0.0506856,0.0248091,-0.053399
subroot_map_50011744,-0.0513336,0.0250519,-0.0540227
subroot_map_50011746,-0.048699,0.0223316,-0.0521655
subroot_map_50011991,0.0403814,-0.0040445,0.0191713
subroot_map_50012601,-0.00149355,0.0118238,-0.0185334
subroot_map_50011996,0.030179,-0.00762875,0.0168928
subroot_map_50022889,-0.00661926,0.005129,-0.0111016
subroot_map_50008369,-0.0519101,0.022137,-0.0536086
subroot_map_50019240,0.010961,-0.00461586,0.00650854
subroot_map_50012934,0.0244671,-0.00504563,0.0145109
subroot_map_50012937,-0.0543985,0.0230167,-0.0556004
subroot_map_50018245,-0.00484036,0.00338768,-0.00939279
subroot_map_50001810,0.036639,-0.00643474,0.0187057
subroot_map_50510011,-0.0445699,0.0220701,-0.050076
subroot_map_50005174,0.0228371,-0.0045248,0.0145452
subroot_map_121398019,-0.0154496,0.00934922,-0.0211728
subroot_map_50020998,-0.0417164,0.0199363,-0.0472941
subroot_map_50019539,-0.0419759,0.0230983,-0.0481837
subroot_map_50008622,0.0404421,-0.00416321,0.0210761
subroot_map_140117,0.0296739,-0.0023992,0.0171279
subroot_map_50008889,-0.0488275,0.0228729,-0.0519538
subroot_map_50050378,0.0117372,-0.00256925,0.00682318
subroot_map_50015370,-0.0030109,0.00427055,-0.00627137
subroot_map_50015373,-0.0524026,0.0278708,-0.055788
subroot_map_50013195,-0.0345783,0.0212404,-0.0436762
subroot_map_50015372,-0.0509295,0.0223478,-0.0530538
subroot_map_50017311,-0.034181,0.0226885,-0.0442023
subroot_map_50024096,-0.0554876,0.0242472,-0.0562462
subroot_map_121452004,0.00374154,-0.000250023,-0.000436619
subroot_map_50012081,0.0515326,-0.00955721,0.0334898
subroot_map_50024060,-0.0291302,0.0107521,-0.0280655
subroot_map_50016203,-0.0573151,0.0233426,-0.0579077
subroot_map_50018870,-0.0438103,0.0205423,-0.048314
subroot_map_121410018,0.0108503,0.0202929,-0.00427711
subroot_map_50013151,0.0135585,-0.00422674,0.00915922
subroot_map_50012067,-0.0509023,0.0223099,-0.0528864
subroot_map_124486002,0.0449573,-0.0118278,0.0276393
subroot_map_50012044,-0.0313307,0.0158406,-0.0341641
subroot_map_50012047,-0.046663,0.0218392,-0.0507901
subroot_map_50050546,0.00561576,-0.00110218,0.00333799
subroot_map_50013228,-0.0443341,0.0228835,-0.0497348
subroot_map_50050643,0.00570669,-0.000927236,0.0031321
subroot_map_124508011,0.0255995,-0.00559012,0.013897
subroot_map_50012382,0.0457037,-0.0120521,0.0284512
subroot_map_50012142,-0.0582796,0.0244188,-0.0577156
subroot_map_50013474,0.0224065,-0.00484672,0.0138226
subroot_map_50012149,-0.0441381,0.02112,-0.0487573
subroot_map_121460027,-0.0490254,0.0257583,-0.0525759
subroot_map_121472034,-0.0470179,0.0226409,-0.051271
subroot_map_50598001,0.0157886,-0.00489142,0.00781933
subroot_map_125160006,-0.0428442,0.0322713,-0.0520504
subroot_map_50024346,0.0311995,-0.00200025,0.0129373
subroot_map_50004767,-0.0473028,0.021209,-0.0504368
subroot_map_50006948,-0.0449606,0.0218858,-0.0495514
subroot_map_50001248,-0.0504751,0.0214575,-0.052375
subroot_map_50021048,-0.0556985,0.0244287,-0.0562774
subroot_map_122742001,-0.0479004,0.0215068,-0.0515867
subroot_map_50014762,-0.00247251,0.00686024,-0.0117445
subroot_map_50012348,-0.0366496,0.0196987,-0.0449109
subroot_map_124636001,0.0399875,-0.00945568,0.0229791
subroot_map_121462007,-0.0100693,0.00975152,-0.0201413
subroot_map_1402,0.0508029,-0.0103756,0.032764
subroot_map_50021033,0.005736,0.00950213,-0.0163292
subroot_map_50013892,-0.051337,0.0264599,-0.0544582
subroot_map_50011257,-0.0488532,0.0234617,-0.051587
subroot_map_50010160,-0.0186338,0.0128397,-0.0236759
subroot_map_50025885,-0.0484439,0.0242207,-0.0529541
subroot_map_50012775,-0.0499434,0.0231373,-0.0526016
subroot_map_50018082,-0.0451675,0.0212634,-0.0492233
subroot_map_124490003,0.014042,-0.00425928,0.00900302
subroot_map_50021011,-0.0406765,0.0280727,-0.048669
subroot_map_50013877,-0.0425775,0.0207779,-0.0483593
subroot_map_50025859,-0.0549133,0.0227064,-0.0561285
subroot_map_124472004,-0.0513892,0.0241603,-0.0538457
subroot_map_50025861,-0.0553779,0.023243,-0.0559641
subroot_map_50008055,0.017045,-0.00374384,0.0104196
subroot_map_1201,-0.05172,0.0238329,-0.0535973
subroot_map_50000561,-0.053514,0.0243351,-0.0549696
subroot_map_122656008,0.0155517,-0.00324025,0.00989292
subroot_map_50025832,0.0307563,-0.00348619,0.0154281
subroot_map_50020397,0.0106332,-0.00198371,0.00362373
subroot_map_50012774,-0.0523932,0.0232458,-0.0543471
subroot_map_2310,0.00642899,-0.000864445,0.00371383
subroot_map_50011404,-0.0464174,0.0230299,-0.0505251
subroot_map_121388008,0.0208961,-0.00357777,0.0106495
subroot_map_50018025,-0.0112603,0.0161624,-0.0277362
subroot_map_124634003,-0.0538498,0.0236028,-0.0549182
subroot_map_3415,-0.0471356,0.0206042,-0.051068
subroot_map_50024944,-0.0446282,0.0272315,-0.0521779
subroot_map_50020585,-0.00280393,0.0052572,-0.00931107
subroot_map_122904002,0.0484851,-0.0100084,0.0315983
subroot_map_124386002,0.0204446,-0.00203907,0.012498
subroot_map_125100031,-0.0513175,0.0236075,-0.053463
subroot_map_50016450,-0.000638531,-0.000356484,-0.000156383
subroot_map_50530002,-0.0576013,0.0249255,-0.0574191
subroot_map_50008552,-0.0499172,0.0316049,-0.0549277
subroot_map_50008556,-0.0395341,0.0197763,-0.0472173
subroot_map_50019690,-0.0598364,0.024297,-0.058377
subroot_map_50016189,-0.0104126,0.00925293,-0.0147943
subroot_map_50008542,-0.00806617,0.0182376,-0.0274556
subroot_map_50005272,-0.0599417,0.0240304,-0.0581856
subroot_map_125210001,-0.0519618,0.022777,-0.0532035
subroot_map_121418033,-0.0593541,0.024497,-0.0582357
subroot_map_50408001,-0.0286787,0.0112347,-0.0282078
subroot_map_50018103,-0.0572566,0.0268544,-0.0593767
subroot_map_124780008,-0.0598364,0.024297,-0.058377
subroot_map_124468004,-0.0442736,0.0218563,-0.0490995
subroot_map_50011718,-0.0422777,0.0210419,-0.0473465
subroot_map_124986002,-0.0605657,0.0241366,-0.0591164
subroot_map_50017269,-0.0132561,0.00743823,-0.0163236
subroot_map_2159,-0.0623301,0.022748,-0.0600508
subroot_map_50010828,-0.0509097,0.0227774,-0.0540104
subroot_map_50018326,-0.0484406,0.0220894,-0.0508228
subroot_map_50003291,-0.0595727,0.0240009,-0.0578732
subroot_map_50008741,-0.0556244,0.0272808,-0.0569101
subroot_map_50132002,-0.0212973,0.0100718,-0.0222861
subroot_map_50005251,-0.0571335,0.026178,-0.0587264
subroot_map_50006101,-0.0278139,0.0175051,-0.0370372
subroot_map_50005009,-0.0595171,0.0242124,-0.0581698
subroot_map_125088001,-0.0597346,0.0242225,-0.0583756
subroot_map_50025010,-0.0415219,0.0207563,-0.0464145
subroot_map_50003695,-0.0557896,0.0238249,-0.0563641
subroot_map_50004788,-0.0506497,0.0230305,-0.0527634
subroot_map_211710,-0.0586525,0.0241871,-0.05766
subroot_map_50012160,-0.00296581,0.00342767,-0.006121
subroot_map_50013253,0.0161991,0.00300136,0.00102738
subroot_map_50017616,-0.0526433,0.0232821,-0.0549699
subroot_map_50023061,-0.0266535,0.0306013,-0.0413591
subroot_map_50023060,-0.0598364,0.024297,-0.058377
subroot_map_121414009,-0.0460349,0.023757,-0.0511367
subroot_map_111219,-0.0598169,0.0234759,-0.0594466
subroot_map_121402026,-0.0550821,0.0234292,-0.0552982
subroot_map_121392033,-0.0589413,0.0240651,-0.0578045
subroot_map_50017903,-0.0566702,0.0234493,-0.0566163
subroot_map_50023109,-0.0598364,0.024297,-0.058377
subroot_map_50002894,-0.00521381,0.00456579,-0.0113968
subroot_map_121380009,-0.0573192,0.0239535,-0.0571816
subroot_map_50012466,-0.0115219,0.00388544,-0.0107301
subroot_map_50009035,-0.0583005,0.0240192,-0.057506
subroot_map_50010022,-0.0588696,0.0239393,-0.0605327
subroot_map_50023363,0.00168637,0.02282,-0.0117609
subroot_map_88,0,0,0
subroot_map_50011130,-0.0403925,0.0205951,-0.0458139
subroot_map_50023100,-0.0381072,0.0384806,-0.0498302
subroot_map_110511,-0.0290355,0.0124392,-0.0300753
subroot_map_50019296,-0.0570644,0.0252127,-0.057148
subroot_map_50492006,0.00399674,0.00716822,-0.00995571
subroot_map_50450016,-0.0560386,0.0231869,-0.0558249
subroot_map_50022440,-0.0598364,0.024297,-0.058377
subroot_map_50012880,-0.0464495,0.0249079,-0.0512445
subroot_map_50018194,-0.0493412,0.0227,-0.0518291
subroot_map_50019289,-0.0572935,0.0238512,-0.056931
subroot_map_121434050,-0.0588707,0.0262347,-0.0584727
subroot_map_50019288,-0.0594932,0.0242198,-0.0584269
subroot_map_50008352,-0.0598364,0.024297,-0.058377
subroot_map_50019494,-0.0598364,0.024297,-0.058377
subroot_map_50017077,-0.0650527,0.0233365,-0.06126
subroot_map_50001718,-0.0295862,0.0129405,-0.0295239
subroot_map_50002809,-0.0157753,0.00475208,-0.0174619
subroot_map_3306,-0.059199,0.0246029,-0.0582201
subroot_map_50011745,-0.0501673,0.0253772,-0.0531947
subroot_map_110308,-0.0214722,0.0123173,-0.0251675
subroot_map_50022648,-0.0144426,0.0155371,-0.0285103
subroot_map_50018244,-0.0189297,0.00882222,-0.0192664
subroot_map_121420031,-0.0598364,0.024297,-0.058377
subroot_map_122874003,-0.0591869,0.0247511,-0.0584056
subroot_map_121616001,-0.012946,0.00533873,-0.0132235
subroot_map_50019782,-0.0598364,0.024297,-0.058377
subroot_map_140116,-0.0532991,0.0290783,-0.0561088
subroot_map_50019306,-0.0372122,0.0199354,-0.0436569
subroot_map_50015397,-0.0574387,0.0239587,-0.0572413
subroot_map_50008886,-0.00651989,0.0132815,-0.0164689
subroot_map_121434010,-0.0603251,0.0231353,-0.0588246
subroot_map_50017589,-0.0597035,0.0244175,-0.0587514
subroot_map_125058009,-0.0514689,0.0302173,-0.0553447
subroot_map_121400006,-0.0562355,0.0243835,-0.0570173
subroot_map_124484013,-0.0297509,0.0172181,-0.0386229
subroot_map_50019503,-0.0578931,0.0242633,-0.0580217
subroot_map_50017776,-0.0479886,0.021987,-0.0507725
subroot_map_121464004,-0.0213421,0.010085,-0.0244576
subroot_map_50015369,-0.0563174,0.024817,-0.0567038
subroot_map_50026460,-0.00529139,0.00575703,-0.00815214
subroot_map_50012064,-0.0583375,0.0226347,-0.0581825
subroot_map_50004658,-0.049055,0.0216362,-0.0515428
subroot_map_50014496,-0.0377097,0.0401829,-0.0510631
subroot_map_50012079,-0.0579942,0.023867,-0.0570482
subroot_map_50016434,-0.0588206,0.0239817,-0.0580597
subroot_map_50012038,-0.0589225,0.0239778,-0.0582247
subroot_map_50012041,-0.0477803,0.0218903,-0.0508195
subroot_map_124486006,-0.00561849,0.00249827,-0.00637385
subroot_map_50020906,-0.0431237,0.0154112,-0.0414147
subroot_map_124710024,-0.00433842,0.00455314,-0.00936052
subroot_map_50004204,-0.0187616,0.00798909,-0.018742
subroot_map_50004687,-0.0457033,0.0252142,-0.0506366
subroot_map_121506001,-0.0597245,0.0225491,-0.0597637
subroot_map_50023280,-0.0483849,0.0211383,-0.0523556
subroot_map_50003679,-0.0598364,0.024297,-0.058377
subroot_map_50012374,-0.0551789,0.0228084,-0.0555117
subroot_map_122968002,-0.0524632,0.0237336,-0.0537681
subroot_map_50012101,-0.0510961,0.0228565,-0.053522
subroot_map_50562004,-0.0598364,0.024297,-0.058377
subroot_map_50012351,-0.0567734,0.0235201,-0.0575417
subroot_map_50025865,-0.010247,0.00276479,-0.012916
subroot_map_50004725,-0.0583102,0.0241815,-0.0577732
subroot_map_50014503,-0.014834,0.0151715,-0.0285515
subroot_map_50446020,-0.0282721,0.0114642,-0.0277904
subroot_map_50021046,-0.0431068,0.0338271,-0.0521264
subroot_map_50025884,-0.0276733,0.012818,-0.0276666
subroot_map_50002535,-0.00506743,0.00513576,-0.00719575
subroot_map_50012776,-0.0598364,0.024297,-0.058377
subroot_map_302909,-0.0571343,0.0263548,-0.057443
subroot_map_50025839,-0.0386444,0.020682,-0.0451584
subroot_map_50022537,-0.0295718,0.011676,-0.0285247
subroot_map_50020596,0.0311001,-0.00323156,0.0149945
subroot_map_110206,-0.048565,0.0222461,-0.0509455
subroot_map_50532001,-0.0245033,0.0251472,-0.0331975
subroot_map_124226006,-0.0432199,0.021652,-0.0475901
subroot_map_50013810,-0.0114852,0.00478669,-0.0155412
subroot_map_50009578,-0.0429438,0.0186683,-0.0443983
subroot_map_121470039,-0.0601115,0.0242433,-0.0585231
qq_length_17,0.00172929,0.00143191,-0.000961511
subroot_map_121368010,0.0131412,-0.000629335,0.00560766
subroot_map_50020421,-0.000107796,-0.000217312,0.000126455
qq_length_5,-0.00109548,0.00162523,-0.00100985
qq_length_13,-0.00416956,0.00511759,-0.00779118
subroot_map_50514003,0.00028721,-0.000834101,0.00011535
subroot_map_50016213,-0.000926208,-5.62957e-05,-0.000475193
subroot_map_2,0,0,0
overseas_list_vn,0.00184937,0.00039844,0.00102824
subroot_map_50013003,-0.00155782,0.000774976,-0.0032555
overseas_list_my,0.00747945,-0.00166488,0.00427747
subroot_map_50026568,0.000659334,0.000385587,-0.000307622
subroot_map_50020966,0.00244072,0.000766729,4.34516e-05
subroot_map_1101,0.0001589,0.000421149,-0.000274634
subroot_map_50020280,0.00493755,0.00240244,-0.00090932
subroot_map_121292001,0.00213224,-0.000756777,0.000253186
subroot_map_50020599,0.00695069,-0.00111141,0.00333817
subroot_map_261407,0.0280177,-0.00656471,0.0175879
qq_length_18,-0.000902173,0.001013,-0.00103307
overseas_list_nz,-0.00109891,-0.000335866,-0.000446129
qq_length_16,-0.00552053,0.000125533,-0.00263425
qq_length_14,-0.00395813,0.00163535,-0.00358119
qq_length_4,-0.00100711,-0.00020857,4.50838e-05
subroot_map_50024394,0.0469986,-0.0110789,0.0286853
subroot_map_350301,0.000653215,0.000138545,-0.00167811
subroot_map_50020679,0.0463968,-0.00907927,0.0305221
subroot_map_50776001,0.0453938,-0.00875991,0.0298668
subroot_map_122632010,0.0245928,-0.00497839,0.0144928
subroot_map_18,0,0,0
subroot_map_124464006,0.0182948,-0.00333479,0.0120865
subroot_map_50026420,0.00538932,-0.00189472,0.00361911
subroot_map_50005945,0.0316084,-0.00586499,0.0201707
subroot_map_50011127,0.0432933,-0.00931062,0.0288209
subroot_map_50015915,0.0385085,-0.00580855,0.0222635
subroot_map_50020573,0.0443709,-0.00872078,0.0286914
subroot_map_121398020,0.00385811,-0.000637785,0.00245418
subroot_map_50009980,0.0454189,-0.00879906,0.0299337
subroot_map_50008890,0.0594329,-0.0034304,0.0348961
subroot_map_50050143,0.0278282,-0.00415935,0.0165702
subroot_map_50009979,0.0274076,-0.00486677,0.017444
subroot_map_50026457,0.0205941,0.000550627,0.0103006
subroot_map_50021042,0.0449446,-0.0087548,0.0294224
subroot_map_50008046,0.0453938,-0.00875991,0.0298668
subroot_map_50020392,0.02989,-0.00539489,0.0183405
subroot_map_124492003,0.0392852,-0.00924122,0.0240886
subroot_map_121388020,0.0453938,-0.00875991,0.0298668
subroot_map_50019790,-0.000757048,-4.5085e-05,-0.000205727
subroot_map_4,0,0,0
subroot_map_50020180,-0.00275737,-0.00197874,-0.000807893
subroot_map_50023110,-0.00117141,-0.000679213,-0.000238235
subroot_map_50010689,-0.000137787,-0.000183224,-0.000358212
subroot_map_121366011,-0.00113704,-0.00128406,-0.00286902
subroot_map_121404016,0.00142725,-0.0010795,9.63134e-05
subroot_map_50458021,0.00155438,-0.00123746,0.00182679
subroot_map_121370001,0.000179438,0.000545572,8.17466e-05
subroot_map_50020680,0.0189967,0.000866974,0.0104051
subroot_map_124092006,0.00179204,0.0015404,0.000544738
subroot_map_50020449,0.0142911,0.0020399,0.00744718
subroot_map_50015134,0.0142911,0.0020399,0.00744718
subroot_map_50023690,0.0133057,0.00172513,0.00711191
subroot_map_110205,0.0177605,-0.00106688,0.0100258
subroot_map_50019242,0.0164019,0.00111783,0.00905123
subroot_map_125052004,0.00436448,0.00145422,0.00186213
subroot_map_50014813,3.24839e-05,0.000479709,-0.000403205
subroot_map_121448014,0.000315634,0.000315088,-0.000214984
subroot_map_50012037,0.00719305,-0.00101493,0.00340711
subroot_map_50023726,0.00716496,8.03274e-05,0.00253498
subroot_map_50019784,0.00719305,-0.00101493,0.00340711
subroot_map_121410019,0.0154593,-0.00324422,0.00877659
subroot_map_50021027,0.00630485,-0.00129214,0.00306994
registration_years_type1,-0.00174795,0.000744127,-0.00678437
subroot_map_211104,0.00127503,-0.000664203,0.00127901
subroot_map_50021045,-0.000245018,-0.00157728,-0.00256981
subroot_map_50012331,0.000507973,0.000392943,0.000271272
subroot_map_50026312,0.00542197,0.000993086,0.00282095
subroot_map_50160001,0.00367601,0.000322869,0.00208054
subroot_map_50025996,0.00178636,0.000315041,0.000558761
subroot_map_350401,0.00193475,0.000918578,0.000144181
subroot_map_50010422,0.00414159,-7.97344e-05,0.0025635
subroot_map_15,0,0,0
subroot_map_50025240,0.00439207,0.000787163,0.00230564
subroot_map_124720004,0.000942313,0.000183996,8.0645e-05
subroot_map_50023605,3.87765e-06,0.000415096,-0.000613625
subroot_map_124494003,-0.000825734,-2.02088e-05,-0.000872222
job_list_goverment,0.000547777,-0.000794158,0.000907476
subroot_map_121482007,0.000126532,-0.000244597,0.0003706
subroot_map_50008145,0.000441977,-0.000342708,0.000359867
subroot_map_50006844,-0.00212431,-0.00138664,-0.000667239
subroot_map_50014850,0.00094687,-4.13251e-06,0.000153632
job_list_airline,0.000634403,-0.000245327,0.000160988
subroot_map_50019096,0.000808009,-0.000481682,0.000884527
subroot_map_50019073,-0.000339693,7.01123e-05,-1.65737e-06
subroot_map_3,0,0,0
subroot_map_50015194,0.00509268,0.00382929,4.37133e-05
subroot_map_124724008,-0.00101762,2.35215e-05,-0.000928895
subroot_map_121988001,0.00529711,0.00264449,0.00045002
subroot_map_50005715,0.00251664,0.00134212,0.000213229
subroot_map_50018225,0.0054362,0.000499111,0.000667878
subroot_map_50008482,0.00464612,8.74619e-06,0.000349113
subroot_map_5,0,0,0
subroot_map_122846003,0.0222736,0.0143832,0.00808758
subroot_map_123222007,3.48197e-05,0.000203331,-0.000535404
subroot_map_11,0,0,0
subroot_map_50025863,0.00025681,-0.00170996,-0.00236454
subroot_map_124146004,0.000538995,-0.00173447,-0.00235921
subroot_map_124096010,0.00025681,-0.00170996,-0.00236454
job_list_bank,0.000409823,-0.000566881,-9.73622e-05
subroot_map_6,0,0,0
subroot_map_50017321,0.00118387,-0.000109914,0.000717032
subroot_map_121474016,0.00118387,-0.000109914,0.000717032
subroot_map_50019361,0.00105319,-0.000169798,0.00053282
subroot_map_50023720,0.00185527,-0.000809472,0.00108346
subroot_map_7,0,0,0
subroot_map_50001813,0.00102532,0.000752753,0.000345883
subroot_map_50025133,0.000201487,-4.07584e-05,0.000119958
subroot_map_125080007,0.00365861,-0.000961648,0.00280998
subroot_map_50010814,0.00125341,-0.000277806,0.000423112
subroot_map_50000013,0.0043383,-0.00147394,0.00264213
subroot_map_50008321,-0.000826546,0.000767911,-0.000699809
subroot_map_50020445,0.000864035,0.000226047,9.40966e-05
subroot_map_50020675,-0.00521636,-0.000960487,-0.00288294
subroot_map_124842004,-0.00521636,-0.000960487,-0.00288294
subroot_map_50023366,-0.000420547,-0.000192702,-0.000603896
subroot_map_50050464,-0.000164622,-0.000500462,0.000254308
registration_years_type5,-0.000237794,-0.000174728,-0.000267407
subroot_map_125458001,0.000115615,0.000853794,-0.000556492
subroot_map_124104007,-0.0011007,-0.000215195,-0.00058383
subroot_map_50104002,0.00234414,-0.000354843,0.000996272
subroot_map_63,0,0,0
subroot_map_50008146,-0.000496057,-0.000432939,2.67487e-05
subroot_map_50008147,0.000775615,3.61314e-05,1.03004e-05
subroot_map_50018096,0.000912403,0.000548399,-0.000203206
subroot_map_121458041,-5.91488e-05,-0.000271367,0.000216982
overseas_list_jp,-0.000856769,0.000430578,-0.000354504
subroot_map_50023914,0.000798091,-0.000511847,0.000797683
overseas_list_ru,2.61445e-05,0.000496108,-8.01703e-05
subroot_map_124866006,-0.000773123,0.00012378,-0.000354274
subroot_map_124476007,0.000577192,-0.000784752,0.000659808
subroot_map_50008553,0.00259196,-0.000212433,0.00156735
subroot_map_121422036,0.0074497,-0.0018874,0.00480427
subroot_map_110507,0.0069093,-0.00175341,0.0044025
subroot_map_50020400,-0.000866804,-0.000242632,-0.000339692
subroot_map_350709,-0.00631172,-0.000287393,-0.00617265
subroot_map_50023950,0.00113058,0.000749408,0.00044506
subroot_map_1403,0.000127129,-0.000244866,0.000371159
overseas_list_me,0.000162164,-0.000306534,0.000269185
subroot_map_50025245,0.00191564,-0.000507377,0.00124353
subroot_map_121416021,0.00191564,-0.000507377,0.00124353
subroot_map_50017318,0.000751461,-0.00023067,0.000462869
subroot_map_50003987,0.00113994,0.000842775,-0.000169353
subroot_map_50025242,0.000846309,-4.62877e-05,0.000514807
subroot_map_50012161,-0.00113849,3.93105e-05,-0.00113745
qq_length_3,-0.0010837,0.000155614,-0.000906471
subroot_map_122012002,0.00241424,-6.63779e-05,0.00067982
subroot_map_50025244,0.00254129,-0.000311153,0.00105085
subroot_map_50017072,0.00241424,-6.63779e-05,0.00067982
subroot_map_50008148,-0.000107757,-0.000217423,0.000126605
overseas_list_ua,0.000953278,-0.000294696,0.000677854
subroot_map_50004960,0.000988823,0.000204625,0.000563247
subroot_map_12,0,0,0
subroot_map_50015886,-0.00108825,2.78346e-05,-0.000949869
subroot_map_121462040,0.00166967,2.37075e-05,3.89466e-05
subroot_map_50020404,-0.000872164,0.000178881,-0.000516114
subroot_map_121476003,-0.000768692,0.000683838,-0.000549915
subroot_map_50010686,-0.00072502,0.000737967,-0.000653873
subroot_map_121478018,0.000755388,-0.000231426,0.000465196
overseas_list_uk,0.000885957,0.000254874,-0.000169798
subroot_map_50024607,-0.00126083,-0.000455495,-0.000486864
subroot_map_125124004,0.0021689,-0.000171841,0.00138958
subroot_map_50019273,0.0021689,-0.000171841,0.00138958
subroot_map_121368025,0.000126524,-0.00024476,0.000370777
subroot_map_123330001,-9.05814e-05,0.000133217,-0.000710483
subroot_map_124710009,-0.000797477,-9.66062e-05,-0.00059921
subroot_map_50014853,-0.000797477,-9.66062e-05,-0.00059921
subroot_map_13,0,0,0
subroot_map_8,0,0,0
subroot_map_50025252,0.00115749,0.000991012,8.7148e-05
subroot_map_125144005,0.00115749,0.000991012,8.7148e-05
subroot_map_50015211,-0.000105492,-0.00021775,0.000127915
subroot_map_50026554,8.77365e-05,9.26396e-06,-0.000182735
subroot_map_50025247,-5.55909e-05,5.25231e-05,-0.000500425
subroot_map_50017906,-0.000107783,-0.000217174,0.000126022
subroot_map_50462016,0.00137062,-0.000273781,0.000911978
subroot_map_122018001,0.000136456,-1.67419e-06,3.91178e-06
subroot_map_122970005,0.00108977,-6.98383e-05,0.00034037
subroot_map_50022357,-0.00112373,-0.000249454,-0.000582196
